Timestamp,Question,Answer,Feedback
2025-08-02 10:50:33,Falha na impress√£o da impressora MP 4200 TH,"#### 1. C√≥digo do Artigo: 
7507,  1. C√≥digo do Artigo: 
7507, 8502, 8725, 92508502, 8725, 9250, 9253

## 2. T√≠tulo do Artigo: 
CSF Tech: Falha impressora t√©rmica - VD e Lojas Pr√≥, 9253

## 2. T√≠tulo do Artigo: 
CSF Tech: Falha impressora t√©rmica - VD e Lojas Pr√≥prias; CSF Tech: Impressora Bematech N√£o Fiscal - Rede; CSF Tech: Impressora Bematech e Gertec N√£o Fiscal - USB;prias; CSF Tech: Impressora Bematech N√£o Fiscal - Rede; CSF Tech: Impressora Bematech e Gertec N√£o Fiscal - USB; CSF TECH: Impressoras EPSON; CSF TECH: Impressoras ADV


## 3. Descri√ß√£o das Poss√≠veis Causas:
‚Ä¢ **Causa 1: Cabo de energia:** O cabo de energia pode n√£o estar CSF TECH: Impressoras EPSON; CSF TECH: Impressoras ADV


## 3. Descri√ß√£o das Poss√≠veis Causas:
‚Ä¢ **Causa 1: Cabo de energia:** O cabo de energia pode n√£o estar conectado corretamente na impressora ou a fonte de alimenta√ß√£o pode n√£o estar ligada na energia.  (Artigo 7507)
‚Ä¢ **Causa 2: Cabo USB:** O cabo USB pode n√£o estar conectado corretamente na impress conectado corretamente na impressora ou a fonte de alimenta√ß√£o pode n√£o estar ligada na energia.  (Artigo 7507)
‚Ä¢ **Causa 2: Cabo USB:** O cabo USB pode n√£o estar conectado corretamente na impressora ou no PDV (computador). (Artigo 7507)
‚Ä¢ **Causa 3: Driver n√£o instalado:** O driver da impressora pode n√£o estar instalado corretamente. (V√°rios artigos)
‚Ä¢ **Causa 4: Firmware desatualizado:** O firmware da impressora podeora ou no PDV (computador). (Artigo 7507)
‚Ä¢ **Causa 3: Driver n√£o instalado:** O driver da impressora pode n√£o estar instalado corretamente. (V√°rios artigos)
‚Ä¢ **Causa 4: Firmware desatualizado:** O firmware da impressora pode estar desatualizado. (Artigo 9253)
‚Ä¢ **Causa 5: Falha f√≠sica:** Pode haver uma falha f√≠sica na impressora. (Artigo 7507, 9253)
‚Ä¢ **Causa 6: Bobina:** A impressora pode estar desatualizado. (Artigo 9253)
‚Ä¢ **Causa 5: Falha f√≠sica:** Pode haver uma falha f√≠sica na impressora. (Artigo 7507, 9253)
‚Ä¢ **Causa 6: Bobina:** A impressora pode estar sem bobina de papel. (Artigo 7507)
‚Ä¢ **Causa 7: Documentos presos na fila de impress√£o:** Pode haver documentos presos na fila de impress√£o. (Artigo 7507)
‚Ä¢ **Causa 8: Configura√ß√£o de porta incorreta:** A configura√ß√£o estar sem bobina de papel. (Artigo 7507)
‚Ä¢ **Causa 7: Documentos presos na fila de impress√£o:** Pode haver documentos presos na fila de impress√£o. (Artigo 7507)
‚Ä¢ **Causa 8: Configura√ß√£o de porta incorreta:** A configura√ß√£o da porta da impressora pode estar incorreta. (Artigo 7507)
‚Ä¢ **Causa 9:  Erro no rel√≥gio do computador:** O hor√°rio do computador pode estar incorreto, causando problemas de inicializa√ß√£o. (Artigo 4585)


## 4. Descri√ß√£o das da porta da impressora pode estar incorreta. (Artigo 7507)
‚Ä¢ **Causa 9:  Erro no rel√≥gio do computador:** O hor√°rio do computador pode estar incorreto, causando problemas de inicializa√ß√£o. (Artigo 4585)


## 4. Descri√ß√£o das Poss√≠veis Solu√ß√µes Aplicadas:

### **Para Lojas AERO:**
* Para falhas em impressoras convencionais de lojas AERO, a configura√ß√£o e instala√ß√£o devem ser realizadas pela Simpress ou GBBS.  N√£o √© realizado pela Infra-Varejo. (V√°rios artigos)
* Poss√≠veis Solu√ß√µes Aplicadas:

### **Para Lojas AERO:**
* Para falhas em impressoras convencionais de lojas AERO, a configura√ß√£o e instala√ß√£o devem ser realizadas pela Simpress ou GBBS.  N√£o √© realizado pela Infra-Varejo. (V√°rios artigos)
* Para falhas f√≠sicas em impressoras convencionais de lojas AERO, o chamado deve ser encaminhado diretamente para a equipe da Simpress, seguindo a categoriza√ß√£o do t√≥pico ""2.1.2 - Falha F√≠sica"". (V√°rios artigos)


### **Para Franquias:**
* A solic Para falhas f√≠sicas em impressoras convencionais de lojas AERO, o chamado deve ser encaminhado diretamente para a equipe da Simpress, seguindo a categoriza√ß√£o do t√≥pico ""2.1.2 - Falha F√≠sica"". (V√°rios artigos)


### **Para Franquias:**
* A solicita√ß√£o de compra de impressoras deve ser feita diretamente pelo Portal SuaLojaGB. (V√°rios artigos)
* Para ajustes de configura√ß√µes (hor√°rio, endere√ßo, dados cadastrais), a franquia deve enviar o equipamento para suporte t√©cnico. (V√°rios artigos)
* Para problemas com impressoras Zebra ouita√ß√£o de compra de impressoras deve ser feita diretamente pelo Portal SuaLojaGB. (V√°rios artigos)
* Para ajustes de configura√ß√µes (hor√°rio, endere√ßo, dados cadastrais), a franquia deve enviar o equipamento para suporte t√©cnico. (V√°rios artigos)
* Para problemas com impressoras Zebra ou precificadoras, n√£o contatar o time de N2 - TI Infravarejo. (Artigo 8418)
* Para problemas f√≠sicos em impressoras Zebra, contatar a assist√™ncia t√©cnica da Zebra (0800-891-9324 ou 55-1 precificadoras, n√£o contatar o time de N2 - TI Infravarejo. (Artigo 8418)
* Para problemas f√≠sicos em impressoras Zebra, contatar a assist√™ncia t√©cnica da Zebra (0800-891-9324 ou 55-114-700-1933). (Artigo 8418)


### **Procedimentos Gerais:**

1. **Passo 1: Verifica√ß√£o de conex√µes:** Verifique se o cabo de energia e o cabo USB est√£o conectados corretamente. (Artigo 7507)14-700-1933). (Artigo 8418)


### **Procedimentos Gerais:**

1. **Passo 1: Verifica√ß√£o de conex√µes:** Verifique se o cabo de energia e o cabo USB est√£o conectados corretamente. (Artigo 7507)
2. **Passo 2: Reinicializa√ß√£o:** Reinicie a impressora e o PDV. (Artigo 7507, 4585)
3. **Passo 3: Verifica√ß√£o do driver:** Verifique se o driver da impressora est√° instalado corretamente. Se n√£o estiver
2. **Passo 2: Reinicializa√ß√£o:** Reinicie a impressora e o PDV. (Artigo 7507, 4585)
3. **Passo 3: Verifica√ß√£o do driver:** Verifique se o driver da impressora est√° instalado corretamente. Se n√£o estiver, instale-o atrav√©s do portal Auto Solu√ß√£o (http://autosolucao.e-boticario.com.br/solution/projeto-troca-de-maquinas---aero7Cgbbs) ou GB Resolve. (V√°rios artigos)
4. **Passo 4: Ver, instale-o atrav√©s do portal Auto Solu√ß√£o (http://autosolucao.e-boticario.com.br/solution/projeto-troca-de-maquinas---aero7Cgbbs) ou GB Resolve. (V√°rios artigos)
4. **Passo 4: Verifica√ß√£o do firmware:** Verifique a vers√£o do firmware e atualize se necess√°rio. (Artigo 9253)
5. **Passo 5: Verifica√ß√£o da bobina:** Verifique se h√° bobina de papel na impressora. (Artigo 7507)
6. **Passo 6:ifica√ß√£o do firmware:** Verifique a vers√£o do firmware e atualize se necess√°rio. (Artigo 9253)
5. **Passo 5: Verifica√ß√£o da bobina:** Verifique se h√° bobina de papel na impressora. (Artigo 7507)
6. **Passo 6:",positive
2025-08-02 11:13:26,Falha na impress√£o da impressora MP 4200 TH,"#### 1. C√≥digo do Artigo: 7507, 8 1. C√≥digo do Artigo: 7507, 8725, 8502, 9253725, 8502, 9253## 2. T√≠tulo do Artigo: Falha impressora t√©rmica - VD e Lojas Pr√≥prias; Impressora Bematech N√£o Fiscal - USB## 2. T√≠tulo do Artigo: Falha impressora t√©rmica - VD e Lojas Pr√≥prias; Impressora Bematech N√£o Fiscal - USB; Impressora Bematech N√£o Fiscal - Rede; CSF TECH: Impressoras ADV


## 3. Descri√ß√£o das Poss√≠veis Causas:; Impressora Bematech N√£o Fiscal - Rede; CSF TECH: Impressoras ADV


## 3. Descri√ß√£o das Poss√≠veis Causas:**üîç Causas Identificadas:**

**‚Ä¢ Causa 1: Cabo de Energia Desconectado**
   - Descri√ß√£o: O cabo de energia pode n√£o estar conectado corretamente na impressora MP 4200 TH**üîç Causas Identificadas:**

**‚Ä¢ Causa 1: Cabo de Energia Desconectado**
   - Descri√ß√£o: O cabo de energia pode n√£o estar conectado corretamente na impressora MP 4200 TH ou a fonte de alimenta√ß√£o pode n√£o estar ligada na energia.  Verifique os LEDs indicadores de energia.
   - Artigo de Refer√™ncia: 7507


**‚Ä¢ Causa 2: Cabo USB Descon ou a fonte de alimenta√ß√£o pode n√£o estar ligada na energia.  Verifique os LEDs indicadores de energia.
   - Artigo de Refer√™ncia: 7507


**‚Ä¢ Causa 2: Cabo USB Desconectado**
   - Descri√ß√£o: O cabo USB que conecta a impressora MP 4200 TH ao computador pode estar desconectado ou danificado.
   - Artigo de Refer√™ncia: 7507, 8725


**‚Ä¢ Causa 3: Driver N√£o Instalectado**
   - Descri√ß√£o: O cabo USB que conecta a impressora MP 4200 TH ao computador pode estar desconectado ou danificado.
   - Artigo de Refer√™ncia: 7507, 8725


**‚Ä¢ Causa 3: Driver N√£o Instalado ou Incorretamente Instalado**
   - Descri√ß√£o: O driver da impressora MP 4200 TH pode n√£o estar instalado corretamente no sistema operacional. Verifique no Gerenciador de Dispositivos se a impressora √© reconhecida e se o driver est√° instalado corretamente.
   - Artigoado ou Incorretamente Instalado**
   - Descri√ß√£o: O driver da impressora MP 4200 TH pode n√£o estar instalado corretamente no sistema operacional. Verifique no Gerenciador de Dispositivos se a impressora √© reconhecida e se o driver est√° instalado corretamente.
   - Artigo de Refer√™ncia: 8502, 8725, 9253


**‚Ä¢ Causa 4:  Bobina de Papel Vazia ou Mal Encaixada**
   - Descri√ß√£o: A impressora MP 4200 TH pode n√£o estar imprimindo de Refer√™ncia: 8502, 8725, 9253


**‚Ä¢ Causa 4:  Bobina de Papel Vazia ou Mal Encaixada**
   - Descri√ß√£o: A impressora MP 4200 TH pode n√£o estar imprimindo porque a bobina de papel est√° vazia ou n√£o est√° encaixada corretamente.
   - Artigo de Refer√™ncia: 7507


**‚Ä¢ Causa 5:  Firmware desatualizado**
   - Descri√ß√£o: A impressora MP 4200 TH pode apresentar falhas porque a bobina de papel est√° vazia ou n√£o est√° encaixada corretamente.
   - Artigo de Refer√™ncia: 7507


**‚Ä¢ Causa 5:  Firmware desatualizado**
   - Descri√ß√£o: A impressora MP 4200 TH pode apresentar falhas de impress√£o devido a um firmware desatualizado.
   - Artigo de Refer√™ncia: 9253


**‚Ä¢ Causa 6: Falha f√≠sica na impressora**
   - Descri√ß√£o: Pode haver uma falha f√≠sica na impressora MP 4200 TH que impede a de impress√£o devido a um firmware desatualizado.
   - Artigo de Refer√™ncia: 9253


**‚Ä¢ Causa 6: Falha f√≠sica na impressora**
   - Descri√ß√£o: Pode haver uma falha f√≠sica na impressora MP 4200 TH que impede a impress√£o, mesmo com os cabos e drivers corretos.
   - Artigo de Refer√™ncia: 7507



## 4. Descri√ß√£o das Poss√≠veis Solu√ß√µes Aplicadas:

### üè™ Para Franquias:

1. **Passo 1: Verificar Conex√µes F√≠sicas impress√£o, mesmo com os cabos e drivers corretos.
   - Artigo de Refer√™ncia: 7507



## 4. Descri√ß√£o das Poss√≠veis Solu√ß√µes Aplicadas:

### üè™ Para Franquias:

1. **Passo 1: Verificar Conex√µes F√≠sicas**
   - A√ß√£o: Inspecionar os cabos de energia e USB da impressora MP 4200 TH.
   - Como: Desconectar e reconectar os cabos, verificando se est√£o firmemente conectados em ambas as extremidades. Verificar se a fonte de alimenta√ß√£o est√° ligada na tomada**
   - A√ß√£o: Inspecionar os cabos de energia e USB da impressora MP 4200 TH.
   - Como: Desconectar e reconectar os cabos, verificando se est√£o firmemente conectados em ambas as extremidades. Verificar se a fonte de alimenta√ß√£o est√° ligada na tomada.


2. **Passo 2: Verificar a Bobina de Papel**
   - A√ß√£o: Conferir se h√° papel na impressora e se est√° corretamente instalado.
   - Como: Abrir a impressora, verificar o n√≠vel de papel e garantir que a bobina esteja corretamente encaixada..


2. **Passo 2: Verificar a Bobina de Papel**
   - A√ß√£o: Conferir se h√° papel na impressora e se est√° corretamente instalado.
   - Como: Abrir a impressora, verificar o n√≠vel de papel e garantir que a bobina esteja corretamente encaixada.


3. **Passo 3: Verificar o Driver**
   - A√ß√£o: Verificar se o driver da impressora est√° instalado e atualizado.
   - Como: Acessar o Gerenciador de Dispositivos do Windows, verificar se a impressora √© reconhecida e se o driver est√° instalado corretamente


3. **Passo 3: Verificar o Driver**
   - A√ß√£o: Verificar se o driver da impressora est√° instalado e atualizado.
   - Como: Acessar o Gerenciador de Dispositivos do Windows, verificar se a impressora √© reconhecida e se o driver est√° instalado corretamente. Se necess√°rio, reinstalar ou atualizar o driver.  Consulte os artigos de refer√™ncia para instru√ß√µes detalhadas.


4. **Passo 4: Reiniciar a Impressora e o Computador**
   - A√ß√£o: Reiniciar a impressora e o computador para resolver problemas tempor√°rios de software. Se necess√°rio, reinstalar ou atualizar o driver.  Consulte os artigos de refer√™ncia para instru√ß√µes detalhadas.


4. **Passo 4: Reiniciar a Impressora e o Computador**
   - A√ß√£o: Reiniciar a impressora e o computador para resolver problemas tempor√°rios de software.
   - Como: Desligar e ligar a impressora. Reiniciar o computador.


5. **Passo 5: Contato com Suporte T√©cnico**
   - A√ß√£o: Se os passos anteriores n√£o resolverem o problema, entrar em contato com o suporte t√©cnico da Bematech ou com a.
   - Como: Desligar e ligar a impressora. Reiniciar o computador.


5. **Passo 5: Contato com Suporte T√©cnico**
   - A√ß√£o: Se os passos anteriores n√£o resolverem o problema, entrar em contato com o suporte t√©cnico da Bematech ou com a equipe de suporte do Grupo Botic√°rio.
   - Como: Consultar os manuais e sites de suporte para obter informa√ß√µes de contato.


### ‚öôÔ∏è Procedimentos T√©cnicos:

- **Verifica√ß√£o:** Utilizar o Gerenciador de Dispositivos para verificar o status da impressora e dos equipe de suporte do Grupo Botic√°rio.
   - Como: Consultar os manuais e sites de suporte para obter informa√ß√µes de contato.


### ‚öôÔ∏è Procedimentos T√©cnicos:

- **Verifica√ß√£o:** Utilizar o Gerenciador de Dispositivos para verificar o status da impressora e dos drivers.
- **Teste:** Realizar um teste de impress√£o ap√≥s cada passo de solu√ß√£o para verificar se o problema foi resolvido.


### Informa√ß√µes Adicionais:

A numera√ß√£o da porta COM pode variar dependendo da configura√ß√£o do PDV.  Se houver mais de um dispositivo com o mesmo nome da impressora drivers.
- **Teste:** Realizar um teste de impress√£o ap√≥s cada passo de solu√ß√£o para verificar se o problema foi resolvido.


### Informa√ß√µes Adicionais:

A numera√ß√£o da porta COM pode variar dependendo da configura√ß√£o do PDV.  Se houver mais de um dispositivo com o mesmo nome da impressora, exclua os dispositivos ocultos antes de prosseguir.  Para impressoras em rede, verifique a configura√ß√£o de VLAN no portal Meraki.  Para impressoras ADV, verifique a atualiza√ß√£o do firmware.  Para problemas persistentes, abra um chamado de suporte com as informa√ß√µes detalhadas do problema., exclua os dispositivos ocultos antes de prosseguir.  Para impressoras em rede, verifique a configura√ß√£o de VLAN no portal Meraki.  Para impressoras ADV, verifique a atualiza√ß√£o do firmware.  Para problemas persistentes, abra um chamado de suporte com as informa√ß√µes detalhadas do problema.",positive
2025-08-02 11:32:41,Falha na impress√£o no PDV GB que usa a impressora MP4200 TH,"#### 1. C√≥digo do Artigo: 
N√£o h√° c√≥digo num√©rico expl√≠ 1. C√≥digo do Artigo: 
N√£o h√° c√≥digo num√©rico expl√≠cito na pergunta, mas os artigos 7507, 85cito na pergunta, mas os artigos 7507, 8502, 8725, 9250, 9253, 31702, 31702, 8725, 9250, 9253, 31702, 31730, 31703, 31731, 31712, 31713, 30, 31703, 31731, 31712, 31713, 31732 s√£o mencionados no contexto como relacionados a impressoras.

## 2. T√≠tulo do Artigo: 
Solu√ß√µes para Falhas de Impress√£o em Impressoras MP4200 TH

##31732 s√£o mencionados no contexto como relacionados a impressoras.

## 2. T√≠tulo do Artigo: 
Solu√ß√µes para Falhas de Impress√£o em Impressoras MP4200 TH

## 3. Descri√ß√£o das Principais Causas:

**üîß HARDWARE (F√≠sicas)**
**‚Ä¢ Causa 1: Problemas de Conex√£o F√≠sica**
   - Descri√ß√£o: Cabo USB danificado ou mal 3. Descri√ß√£o das Principais Causas:

**üîß HARDWARE (F√≠sicas)**
**‚Ä¢ Causa 1: Problemas de Conex√£o F√≠sica**
   - Descri√ß√£o: Cabo USB danificado ou mal conectado; problemas na porta USB do computador; impressora desligada ou sem energia.  Falta de papel ou bobina.
   - Refer√™ncia: Artigos 7507, 8725, 9253

**üíª SOFTWARE (Sistema)**
**‚Ä¢ Causa 2: conectado; problemas na porta USB do computador; impressora desligada ou sem energia.  Falta de papel ou bobina.
   - Refer√™ncia: Artigos 7507, 8725, 9253

**üíª SOFTWARE (Sistema)**
**‚Ä¢ Causa 2: Driver de Impressora Incorreto ou N√£o Instalado**
   - Descri√ß√£o: Driver ausente, desatualizado ou com configura√ß√£o incorreta; conflitos de drivers; problemas com o servi√ßo de spool de impress√£o.
   - Refer√™ncia: Artigos 8725, 925 Driver de Impressora Incorreto ou N√£o Instalado**
   - Descri√ß√£o: Driver ausente, desatualizado ou com configura√ß√£o incorreta; conflitos de drivers; problemas com o servi√ßo de spool de impress√£o.
   - Refer√™ncia: Artigos 8725, 9253

**‚öôÔ∏è CONFIGURA√á√ÉO (Setup)**
**‚Ä¢ Causa 3: Configura√ß√µes Incorretas do Sistema**
   - Descri√ß√£o: Porta COM incorreta configurada no sistema operacional; configura√ß√µes de impress√£o incorretas no software PDV; problemas de comunica√ß√£o entre a impressora e o PDV3

**‚öôÔ∏è CONFIGURA√á√ÉO (Setup)**
**‚Ä¢ Causa 3: Configura√ß√µes Incorretas do Sistema**
   - Descri√ß√£o: Porta COM incorreta configurada no sistema operacional; configura√ß√µes de impress√£o incorretas no software PDV; problemas de comunica√ß√£o entre a impressora e o PDV.
   - Refer√™ncia: Artigos 8502, 8725

**üåê CONECTIVIDADE (Rede)**
**‚Ä¢ Causa 4: Problemas de Rede (apenas se aplic√°vel)**
   - Descri√ß√£o: Impressora conectada em rede com problemas de.
   - Refer√™ncia: Artigos 8502, 8725

**üåê CONECTIVIDADE (Rede)**
**‚Ä¢ Causa 4: Problemas de Rede (apenas se aplic√°vel)**
   - Descri√ß√£o: Impressora conectada em rede com problemas de configura√ß√£o de IP, m√°scara de rede ou gateway; problemas na rede local (VLAN, switch, roteador).
   - Refer√™ncia: Artigo 8502


## 4. Solu√ß√µes Consolidadas por Prioridade:

### **üöÄ SOLU√á√ÉO R√ÅPIDA (1¬∫ Tentar configura√ß√£o de IP, m√°scara de rede ou gateway; problemas na rede local (VLAN, switch, roteador).
   - Refer√™ncia: Artigo 8502


## 4. Solu√ß√µes Consolidadas por Prioridade:

### **üöÄ SOLU√á√ÉO R√ÅPIDA (1¬∫ Tentar)**
1. **Verifica√ß√£o Inicial:** Verifique se a impressora est√° ligada e conectada corretamente ao PDV via USB.  Verifique se h√° papel na impressora.
2. **A√ß√£o Imediata:** Reinicie a impressora e o PDV.

### **üîß SOLU)**
1. **Verifica√ß√£o Inicial:** Verifique se a impressora est√° ligada e conectada corretamente ao PDV via USB.  Verifique se h√° papel na impressora.
2. **A√ß√£o Imediata:** Reinicie a impressora e o PDV.

### **üîß SOLU√á√ÉO T√âCNICA (2¬∫ N√≠vel)**
1. **Diagn√≥stico:** Verifique o Gerenciador de Dispositivos (devmgmt.msc) para confirmar se o driver est√° instalado corretamente e a porta COM est√° configurada. Verifique a fila de impress√£o para documentos pendentes.
2. **Configura√ß√£o:**√á√ÉO T√âCNICA (2¬∫ N√≠vel)**
1. **Diagn√≥stico:** Verifique o Gerenciador de Dispositivos (devmgmt.msc) para confirmar se o driver est√° instalado corretamente e a porta COM est√° configurada. Verifique a fila de impress√£o para documentos pendentes.
2. **Configura√ß√£o:**  Verifique e ajuste as configura√ß√µes de porta COM no sistema operacional e no software PDV.  Reinstale o driver da impressora se necess√°rio.
3. **Teste:** Imprima uma p√°gina de teste para validar a conex√£o e a configura√ß√£o.

### **üìû ESCALA√á√ÉO (3¬∫ N√≠vel)**  Verifique e ajuste as configura√ß√µes de porta COM no sistema operacional e no software PDV.  Reinstale o driver da impressora se necess√°rio.
3. **Teste:** Imprima uma p√°gina de teste para validar a conex√£o e a configura√ß√£o.

### **üìû ESCALA√á√ÉO (3¬∫ N√≠vel)**
**Para AERO:**  Escalar para o time de suporte da AERO (Simpress ou GBBS) conforme o modelo da impressora e o tipo de problema.
**Para Franquias:**  Orientar a franquia a contatar o suporte t√©cnico da Bematech ou um t√©cnico local se o problema
**Para AERO:**  Escalar para o time de suporte da AERO (Simpress ou GBBS) conforme o modelo da impressora e o tipo de problema.
**Para Franquias:**  Orientar a franquia a contatar o suporte t√©cnico da Bematech ou um t√©cnico local se o problema persistir.

**‚ö° Tempo Estimado:** 5-15 minutos (dependendo da complexidade do problema)
**üìã Categoriza√ß√£o:**  Hardware/Software/Configura√ß√£o (dependendo da causa raiz)

### **Informa√ß√µes Adicionais:**
Consulte os artigos mencionados para detalhes espec√≠ficos sobre cada persistir.

**‚ö° Tempo Estimado:** 5-15 minutos (dependendo da complexidade do problema)
**üìã Categoriza√ß√£o:**  Hardware/Software/Configura√ß√£o (dependendo da causa raiz)

### **Informa√ß√µes Adicionais:**
Consulte os artigos mencionados para detalhes espec√≠ficos sobre cada modelo de impressora e procedimentos de solu√ß√£o de problemas.  A prioridade √© resolver o problema na loja o mais r√°pido poss√≠vel. Se o problema persistir ap√≥s as etapas de solu√ß√£o r√°pida e t√©cnica, a escala√ß√£o para o suporte especializado √© necess√°ria. modelo de impressora e procedimentos de solu√ß√£o de problemas.  A prioridade √© resolver o problema na loja o mais r√°pido poss√≠vel. Se o problema persistir ap√≥s as etapas de solu√ß√£o r√°pida e t√©cnica, a escala√ß√£o para o suporte especializado √© necess√°ria.",positive
2025-08-02 11:42:47,Erro no SAT ,"#### 1. C√≥digo do Artigo: 9727, 3 1. C√≥digo do Artigo: 9727, 31703, 31713

## 2.1703, 31713

## 2. T√≠tulo do Artigo:  Solu√ß√µes para Falhas em SAT e MFE

## 3. Descri√ß√£o das Principais Causas:

**üîå T√≠tulo do Artigo:  Solu√ß√µes para Falhas em SAT e MFE

## 3. Descri√ß√£o das Principais Causas:

**üîå HARDWARE (F√≠sicas)**
**‚Ä¢ Causa 1: Problemas de Conex√£o F√≠sica do SAT**
   - Descri√ß√£o: Cabo USB HARDWARE (F√≠sicas)**
**‚Ä¢ Causa 1: Problemas de Conex√£o F√≠sica do SAT**
   - Descri√ß√£o: Cabo USB danificado ou mal conectado; SAT n√£o conectado corretamente √† porta USB (n√£o usar HUB ou extensor); problemas na porta USB do computador.  Para o Gertec GerSAT 3.0, problemas na conex√£o de rede (cabo de danificado ou mal conectado; SAT n√£o conectado corretamente √† porta USB (n√£o usar HUB ou extensor); problemas na porta USB do computador.  Para o Gertec GerSAT 3.0, problemas na conex√£o de rede (cabo de rede danificado ou mal conectado).
   - Refer√™ncia: Artigos sobre instala√ß√£o f√≠sica de SAT (Gertec GerSAT 3.0, Elgin Smart SAT, etc.)

**üíª SOFTWARE (Sistema)**
**‚Ä¢ Causa rede danificado ou mal conectado).
   - Refer√™ncia: Artigos sobre instala√ß√£o f√≠sica de SAT (Gertec GerSAT 3.0, Elgin Smart SAT, etc.)

**üíª SOFTWARE (Sistema)**
**‚Ä¢ Causa 2: Problemas de Driver e Software**
   - Descri√ß√£o: Driver do SAT n√£o instalado ou desatualizado; software do SAT com falhas; conflitos de software; aplicativo comercial n√£o configurado corretamente para o modelo de SAT.
   - Refer√™ncia: Artigos sobre instala√ß√£o de drivers e softwares de 2: Problemas de Driver e Software**
   - Descri√ß√£o: Driver do SAT n√£o instalado ou desatualizado; software do SAT com falhas; conflitos de software; aplicativo comercial n√£o configurado corretamente para o modelo de SAT.
   - Refer√™ncia: Artigos sobre instala√ß√£o de drivers e softwares de SAT (Gertec GerSAT 3.0, Elgin Smart SAT, etc.)

**‚öôÔ∏è CONFIGURA√á√ÉO (Setup)**
**‚Ä¢ Causa 3: Configura√ß√µes Incorretas do SAT no Aplicativo Comercial**
   - Descri√ß√£o: Modelo de SAT incorreto configurado no PDV SAT (Gertec GerSAT 3.0, Elgin Smart SAT, etc.)

**‚öôÔ∏è CONFIGURA√á√ÉO (Setup)**
**‚Ä¢ Causa 3: Configura√ß√µes Incorretas do SAT no Aplicativo Comercial**
   - Descri√ß√£o: Modelo de SAT incorreto configurado no PDV (Omnishop, Linx, Totvs); porta COM incorreta; c√≥digo de ativa√ß√£o incorreto; certificado digital inv√°lido ou n√£o configurado.
   - Refer√™ncia: Artigos sobre configura√ß√£o de SAT em aplicativos comerciais (Omnishop, Linx, Totvs).

**üåê CONECTIV (Omnishop, Linx, Totvs); porta COM incorreta; c√≥digo de ativa√ß√£o incorreto; certificado digital inv√°lido ou n√£o configurado.
   - Refer√™ncia: Artigos sobre configura√ß√£o de SAT em aplicativos comerciais (Omnishop, Linx, Totvs).

**üåê CONECTIVIDADE (Rede)**
**‚Ä¢ Causa 4: Problemas de Conectividade com a SEFAZ**
   - Descri√ß√£o: Aus√™ncia de conex√£o com a internet; problemas de firewall ou proxy; problemas no servidor da SEFAZ.
   - Refer√™ncia: Artigos sobre conectividade e troubleshootingIDADE (Rede)**
**‚Ä¢ Causa 4: Problemas de Conectividade com a SEFAZ**
   - Descri√ß√£o: Aus√™ncia de conex√£o com a internet; problemas de firewall ou proxy; problemas no servidor da SEFAZ.
   - Refer√™ncia: Artigos sobre conectividade e troubleshooting de rede.


## 4. Solu√ß√µes Consolidadas por Prioridade:

### **üöÄ SOLU√á√ÉO R√ÅPIDA (1¬∫ Tentar)**
1. **Verifica√ß√£o Inicial:** Verificar se o SAT est√° ligado e se h√° luz indicadora de funcionamento; verificar a conex√£o f√≠sica do SAT ( de rede.


## 4. Solu√ß√µes Consolidadas por Prioridade:

### **üöÄ SOLU√á√ÉO R√ÅPIDA (1¬∫ Tentar)**
1. **Verifica√ß√£o Inicial:** Verificar se o SAT est√° ligado e se h√° luz indicadora de funcionamento; verificar a conex√£o f√≠sica do SAT (cabo USB, cabo de rede - se aplic√°vel); reiniciar o computador e o SAT.
2. **A√ß√£o Imediata:** Verificar a conex√£o de internet; verificar se o aplicativo comercial est√° configurado corretamente para o modelo de SAT; consultar os LEDs indicadores do SAT para identificar poss√≠veis erros de hardware.cabo USB, cabo de rede - se aplic√°vel); reiniciar o computador e o SAT.
2. **A√ß√£o Imediata:** Verificar a conex√£o de internet; verificar se o aplicativo comercial est√° configurado corretamente para o modelo de SAT; consultar os LEDs indicadores do SAT para identificar poss√≠veis erros de hardware.

### **üîß SOLU√á√ÉO T√âCNICA (2¬∫ N√≠vel)**
1. **Diagn√≥stico:** Consultar a documenta√ß√£o do fabricante do SAT para identificar c√≥digos de erro; verificar o gerenciador de dispositivos do Windows para identificar problemas com o driver do SAT; verificar as configura√ß√µes do SAT no aplicativo comercial.

### **üîß SOLU√á√ÉO T√âCNICA (2¬∫ N√≠vel)**
1. **Diagn√≥stico:** Consultar a documenta√ß√£o do fabricante do SAT para identificar c√≥digos de erro; verificar o gerenciador de dispositivos do Windows para identificar problemas com o driver do SAT; verificar as configura√ß√µes do SAT no aplicativo comercial.2. **Configura√ß√£o:** Reinstalar o driver do SAT; configurar corretamente o modelo de SAT, porta COM, c√≥digo de ativa√ß√£o e certificado digital no aplicativo comercial; verificar as configura√ß√µes de rede do SAT.
3. **Teste:** Realizar um teste de comunica√ß√£o com a SEFAZ utilizando o software de2. **Configura√ß√£o:** Reinstalar o driver do SAT; configurar corretamente o modelo de SAT, porta COM, c√≥digo de ativa√ß√£o e certificado digital no aplicativo comercial; verificar as configura√ß√µes de rede do SAT.
3. **Teste:** Realizar um teste de comunica√ß√£o com a SEFAZ utilizando o software de ativa√ß√£o do SAT; emitir um cupom fiscal de teste.

### **üìû ESCALA√á√ÉO (3¬∫ N√≠vel)**
**Para AERO:** Escalar para a equipe de suporte da AERO, fornecendo informa√ß√µes detalhadas sobre o problema, incluindo imagens dos c√≥digos de erro e das configura√ß√µes do SAT. ativa√ß√£o do SAT; emitir um cupom fiscal de teste.

### **üìû ESCALA√á√ÉO (3¬∫ N√≠vel)**
**Para AERO:** Escalar para a equipe de suporte da AERO, fornecendo informa√ß√µes detalhadas sobre o problema, incluindo imagens dos c√≥digos de erro e das configura√ß√µes do SAT.
**Para Franquias:** Orientar a franquia a entrar em contato com o suporte t√©cnico do fabricante do SAT ou com a equipe de suporte do aplicativo comercial.  Se o problema persistir, abrir um chamado na fila apropriada no sistema de suporte do Grupo Botic√°rio.

**‚ö° Tempo Estimado
**Para Franquias:** Orientar a franquia a entrar em contato com o suporte t√©cnico do fabricante do SAT ou com a equipe de suporte do aplicativo comercial.  Se o problema persistir, abrir um chamado na fila apropriada no sistema de suporte do Grupo Botic√°rio.

**‚ö° Tempo Estimado:** 5-30 minutos (dependendo da complexidade do problema).
**üìã Categoriza√ß√£o:**  Macro: Equipamento Fiscal; Submotivo: Falha SAT.

### **Informa√ß√µes Adicionais:**
Manter registros detalhados das a√ß√µes realizadas e dos resultados obtidos para facilitar o diagn√≥stico e a:** 5-30 minutos (dependendo da complexidade do problema).
**üìã Categoriza√ß√£o:**  Macro: Equipamento Fiscal; Submotivo: Falha SAT.

### **Informa√ß√µes Adicionais:**
Manter registros detalhados das a√ß√µes realizadas e dos resultados obtidos para facilitar o diagn√≥stico e a resolu√ß√£o de problemas futuros.  Utilizar a documenta√ß√£o do fabricante do SAT e do aplicativo comercial como refer√™ncia.  Priorizar a solu√ß√£o mais simples antes de escalar o problema. resolu√ß√£o de problemas futuros.  Utilizar a documenta√ß√£o do fabricante do SAT e do aplicativo comercial como refer√™ncia.  Priorizar a solu√ß√£o mais simples antes de escalar o problema.",positive
2025-08-02 13:19:08,Preciso de ajuda para instalar uma impressora Zebra,"#### 1. C√≥digo do Artigo: 31702

## 1. C√≥digo do Artigo: 31702

## 2. T√≠tulo do Artigo: CSF Tech: Instala√ß√£o de Imp 2. T√≠tulo do Artigo: CSF Tech: Instala√ß√£o de Impressora Zebra

## 3. Descri√ß√£o das Principais Causas:

**üîß HARDWARE (F√≠sicas)**
**‚Ä¢ Causa ressora Zebra

## 3. Descri√ß√£o das Principais Causas:

**üîß HARDWARE (F√≠sicas)**
**‚Ä¢ Causa 1: Problemas de Conex√£o F√≠sica**
   - Descri√ß√£o: Impressora n√£o ligada, cabo USB danificado ou mal conectado, impressora1: Problemas de Conex√£o F√≠sica**
   - Descri√ß√£o: Impressora n√£o ligada, cabo USB danificado ou mal conectado, impressora sem papel ou ribbon, sensor de etiquetas desalinhado.
   - Refer√™ncia: Artigos sobre instala√ß√£o de impressora Zebra,  calibragem de etiquetas, troca de ribbon.

**üíª SOFTWARE (Sistema)**
**‚Ä¢ sem papel ou ribbon, sensor de etiquetas desalinhado.
   - Refer√™ncia: Artigos sobre instala√ß√£o de impressora Zebra,  calibragem de etiquetas, troca de ribbon.

**üíª SOFTWARE (Sistema)**
**‚Ä¢ Causa 2: Plugin JS Printer n√£o instalado ou com falhas**
   - Descri√ß√£o: Plugin necess√°rio para comunica√ß√£o com a impressora Zebra n√£o est√° instalado, instalado incorretamente, ou apresenta erros de funcionamento (looping na Causa 2: Plugin JS Printer n√£o instalado ou com falhas**
   - Descri√ß√£o: Plugin necess√°rio para comunica√ß√£o com a impressora Zebra n√£o est√° instalado, instalado incorretamente, ou apresenta erros de funcionamento (looping na instala√ß√£o, falha na p√°gina do precificador).
   - Refer√™ncia: Artigos sobre instala√ß√£o e desinstala√ß√£o do Plugin JS Printer, solu√ß√£o de problemas do plugin.

**‚öôÔ∏è CONFIGURA√á√ÉO (Setup)**
**‚Ä¢ Causa 3: Configura√ß√µes de Impress√£o Incorretas** instala√ß√£o, falha na p√°gina do precificador).
   - Refer√™ncia: Artigos sobre instala√ß√£o e desinstala√ß√£o do Plugin JS Printer, solu√ß√£o de problemas do plugin.

**‚öôÔ∏è CONFIGURA√á√ÉO (Setup)**
**‚Ä¢ Causa 3: Configura√ß√µes de Impress√£o Incorretas**   - Descri√ß√£o: Impressora n√£o selecionada corretamente, fila de impress√£o bloqueada, porta USB incorreta (troca de porta ap√≥s instala√ß√£o), configura√ß√µes do driver incorretas (modo de controle).
   - Refer√™ncia: Artigos sobre configura√ß√µes do sistema de precificador,  configura√ß√£o do driver da   - Descri√ß√£o: Impressora n√£o selecionada corretamente, fila de impress√£o bloqueada, porta USB incorreta (troca de porta ap√≥s instala√ß√£o), configura√ß√µes do driver incorretas (modo de controle).
   - Refer√™ncia: Artigos sobre configura√ß√µes do sistema de precificador,  configura√ß√£o do driver da impressora Zebra.


## 4. Solu√ß√µes Consolidadas por Prioridade:

### **üöÄ SOLU√á√ÉO R√ÅPIDA (1¬∫ Tentar)**
1. **Verifica√ß√£o Inicial:** Verifique se a impressora est√° ligada, conectada corretamente via USB (na mesma porta desde a instala√ß√£o impressora Zebra.


## 4. Solu√ß√µes Consolidadas por Prioridade:

### **üöÄ SOLU√á√ÉO R√ÅPIDA (1¬∫ Tentar)**
1. **Verifica√ß√£o Inicial:** Verifique se a impressora est√° ligada, conectada corretamente via USB (na mesma porta desde a instala√ß√£o), com papel e ribbon.  Verifique se o √≠cone do assistente de impress√£o (JSPrintManager) est√° ativo na bandeja do sistema.
2. **A√ß√£o Imediata:** Reinicie a impressora. Limpe a fila de impress√£o.  Verifique se o endere√ßo da extranet est√° corretamente listado nas), com papel e ribbon.  Verifique se o √≠cone do assistente de impress√£o (JSPrintManager) est√° ativo na bandeja do sistema.
2. **A√ß√£o Imediata:** Reinicie a impressora. Limpe a fila de impress√£o.  Verifique se o endere√ßo da extranet est√° corretamente listado nas abas Allowed e Blocked do JSPrintManager.

### **üîß SOLU√á√ÉO T√âCNICA (2¬∫ N√≠vel)**
1. **Diagn√≥stico:** Utilize o prompt de comando (CMD) para verificar a instala√ß√£o do plugin (appwiz.cpl) e a conex√£o da impressora (devmgmt.msc). abas Allowed e Blocked do JSPrintManager.

### **üîß SOLU√á√ÉO T√âCNICA (2¬∫ N√≠vel)**
1. **Diagn√≥stico:** Utilize o prompt de comando (CMD) para verificar a instala√ß√£o do plugin (appwiz.cpl) e a conex√£o da impressora (devmgmt.msc).2. **Configura√ß√£o:** Instale ou reinstale o Plugin JS Printer (selecionando a op√ß√£o correta para PDV ou n√£o-PDV). Configure corretamente o driver da impressora (modo de controle, porta).  Configure o IP da impressora se necess√°rio.
3. **Teste:** Imprima uma2. **Configura√ß√£o:** Instale ou reinstale o Plugin JS Printer (selecionando a op√ß√£o correta para PDV ou n√£o-PDV). Configure corretamente o driver da impressora (modo de controle, porta).  Configure o IP da impressora se necess√°rio.
3. **Teste:** Imprima uma p√°gina de teste.

### **üìû ESCALA√á√ÉO (3¬∫ N√≠vel)**
**Para AERO:** Encaminhe um chamado para o time TI - GBBS - Atendimento de Campo.
**Para Franquias:** Se o problema persistir, oriente a franquia a entrar em contato com a assist√™ncia p√°gina de teste.

### **üìû ESCALA√á√ÉO (3¬∫ N√≠vel)**
**Para AERO:** Encaminhe um chamado para o time TI - GBBS - Atendimento de Campo.
**Para Franquias:** Se o problema persistir, oriente a franquia a entrar em contato com a assist√™ncia t√©cnica da Zebra.


**‚ö° Tempo Estimado:** 15-30 minutos (dependendo da complexidade do problema).
**üìã Categoriza√ß√£o:** CSF Tech / Impressora Zebra / Instala√ß√£o/Configura√ß√£o/Falhas

### **Informa√ß√µes Adicionais:**
Para lojas All Free ( t√©cnica da Zebra.


**‚ö° Tempo Estimado:** 15-30 minutos (dependendo da complexidade do problema).
**üìã Categoriza√ß√£o:** CSF Tech / Impressora Zebra / Instala√ß√£o/Configura√ß√£o/Falhas

### **Informa√ß√µes Adicionais:**
Para lojas All Free (fora da rede Botic√°rio), o suporte de infraestrutura √© de responsabilidade do franqueado.  O modelo de impressora GC420T n√£o tem mais suporte a partir do Ciclo 0125.  A instala√ß√£o em computadores fora da rede Botic√°rio √© de responsabilidade da franquiafora da rede Botic√°rio), o suporte de infraestrutura √© de responsabilidade do franqueado.  O modelo de impressora GC420T n√£o tem mais suporte a partir do Ciclo 0125.  A instala√ß√£o em computadores fora da rede Botic√°rio √© de responsabilidade da franquia; a CSF fornece apenas orienta√ß√£o.  Consulte a extranet para comunicados relevantes.; a CSF fornece apenas orienta√ß√£o.  Consulte a extranet para comunicados relevantes.",positive
2025-08-02 14:46:58,Erro no SAT,"#### 1. C√≥digo do Artigo: 9727, 3 1. C√≥digo do Artigo: 9727, 31702, 31703, 3171702, 31703, 31713

## 2. T√≠tulo do Artigo:  Solu√ß√µes para Falhas em SAT e MFE

## 3. Descri√ß√£o das Prin13

## 2. T√≠tulo do Artigo:  Solu√ß√µes para Falhas em SAT e MFE

## 3. Descri√ß√£o das Principais Causas:

**‚öôÔ∏è CONFIGURA√á√ÉO (Setup)**
**‚Ä¢ Causa 1: Problemas de Configura√ß√£o do SAT**
   -cipais Causas:

**‚öôÔ∏è CONFIGURA√á√ÉO (Setup)**
**‚Ä¢ Causa 1: Problemas de Configura√ß√£o do SAT**
   - Descri√ß√£o: Erros de configura√ß√£o do SAT no PDV (Omnishop, Linx, Totvs), incluindo problemas com a porta COM, tipo de certificado (AC-SAT-SEFAZ), c√≥digo de ativa√ß√£o, e Descri√ß√£o: Erros de configura√ß√£o do SAT no PDV (Omnishop, Linx, Totvs), incluindo problemas com a porta COM, tipo de certificado (AC-SAT-SEFAZ), c√≥digo de ativa√ß√£o, e vincula√ß√£o com o aplicativo comercial.  Problemas com a instala√ß√£o e ativa√ß√£o do driver do SAT (Gertec, Elgin, Bematech).
   - Refer√™ncia: Artigos 9727, 31702 vincula√ß√£o com o aplicativo comercial.  Problemas com a instala√ß√£o e ativa√ß√£o do driver do SAT (Gertec, Elgin, Bematech).
   - Refer√™ncia: Artigos 9727, 31702, 31703, 31713

**üîß HARDWARE (F√≠sicas)**
**‚Ä¢ Causa 2: Falha de Hardware do SAT**
   - Descri√ß√£o:  Problemas f√≠sicos no SAT, como mau funcionamento dos LEDs indicadores, problemas na porta USB, fal, 31703, 31713

**üîß HARDWARE (F√≠sicas)**
**‚Ä¢ Causa 2: Falha de Hardware do SAT**
   - Descri√ß√£o:  Problemas f√≠sicos no SAT, como mau funcionamento dos LEDs indicadores, problemas na porta USB, falha na comunica√ß√£o com a rede,  bloqueio do SAT por falta de comunica√ß√£o ou erro de hardware.
   - Refer√™ncia: Artigos 9727, 31702, 31703, 31713

**üåê CONECTIVIDADE (Redeha na comunica√ß√£o com a rede,  bloqueio do SAT por falta de comunica√ß√£o ou erro de hardware.
   - Refer√™ncia: Artigos 9727, 31702, 31703, 31713

**üåê CONECTIVIDADE (Rede)**
**‚Ä¢ Causa 3: Problemas de Conectividade**
   - Descri√ß√£o:  Falha na comunica√ß√£o do SAT com a internet (problemas de rede, cabo de rede, roteador Meraki).  Erro de comunica√ß√£o com a SEFAZ.
   - Refer√™ncia: Artigos )**
**‚Ä¢ Causa 3: Problemas de Conectividade**
   - Descri√ß√£o:  Falha na comunica√ß√£o do SAT com a internet (problemas de rede, cabo de rede, roteador Meraki).  Erro de comunica√ß√£o com a SEFAZ.
   - Refer√™ncia: Artigos 9727, 31702, 31703, 31713


## 4. Solu√ß√µes Consolidadas por Prioridade:

### **üöÄ SOLU√á√ÉO R√ÅPIDA (1¬∫ Tentar)**
1. **Verifica√ß√£o Inicial:** Ver9727, 31702, 31703, 31713


## 4. Solu√ß√µes Consolidadas por Prioridade:

### **üöÄ SOLU√á√ÉO R√ÅPIDA (1¬∫ Tentar)**
1. **Verifica√ß√£o Inicial:** Verificar se o SAT est√° ligado e conectado corretamente √† porta USB do computador (n√£o em HUB USB) e √† rede. Verificar os LEDs indicadores do SAT para identificar poss√≠veis erros.  Verificar a conex√£o de internet. Reiniciar o computador e o SAT.
2. **A√ß√£o Imediata:**  Verificar se o SAT est√° ligado e conectado corretamente √† porta USB do computador (n√£o em HUB USB) e √† rede. Verificar os LEDs indicadores do SAT para identificar poss√≠veis erros.  Verificar a conex√£o de internet. Reiniciar o computador e o SAT.
2. **A√ß√£o Imediata:**  Verificar se o driver do SAT est√° instalado e atualizado.  Reiniciar o aplicativo comercial (PDV). Consultar a documenta√ß√£o do fabricante do SAT para c√≥digos de erro.

### **üîß SOLU√á√ÉO T√âCNICA (2¬∫ N√≠vel)**
1. **Diagn√≥stico:** Utilizar o aplicativo de diagn√≥stico do fabricanteificar se o driver do SAT est√° instalado e atualizado.  Reiniciar o aplicativo comercial (PDV). Consultar a documenta√ß√£o do fabricante do SAT para c√≥digos de erro.

### **üîß SOLU√á√ÉO T√âCNICA (2¬∫ N√≠vel)**
1. **Diagn√≥stico:** Utilizar o aplicativo de diagn√≥stico do fabricante do SAT para identificar o problema. Verificar a configura√ß√£o do SAT no PDV (porta COM, tipo de certificado, etc.).
2. **Configura√ß√£o:** Reinstalar o driver do SAT.  Ajustar as configura√ß√µes do SAT no PDV de acordo com a documenta√ß√£o do fabricante e do sistema de PD do SAT para identificar o problema. Verificar a configura√ß√£o do SAT no PDV (porta COM, tipo de certificado, etc.).
2. **Configura√ß√£o:** Reinstalar o driver do SAT.  Ajustar as configura√ß√µes do SAT no PDV de acordo com a documenta√ß√£o do fabricante e do sistema de PDV.
3. **Teste:** Realizar um teste de emiss√£o de cupom fiscal ap√≥s as configura√ß√µes.

### **üìû ESCALA√á√ÉO (3¬∫ N√≠vel)**
**Para AERO:** Escalar para a equipe GBBS.
**Para Franquias:** Abrir chamado na fila apropriada (V.
3. **Teste:** Realizar um teste de emiss√£o de cupom fiscal ap√≥s as configura√ß√µes.

### **üìû ESCALA√á√ÉO (3¬∫ N√≠vel)**
**Para AERO:** Escalar para a equipe GBBS.
**Para Franquias:** Abrir chamado na fila apropriada (TI - Franqueado - suporte lojas N2,  Dell - Lojas Pr√≥prias, etc., dependendo do sistema de PDV e da natureza do problema).  Fornecer todas as informa√ß√µes relevantes, incluindo prints de tela e c√≥digos de erro.

**‚ö° Tempo Estimado:** 5-3TI - Franqueado - suporte lojas N2,  Dell - Lojas Pr√≥prias, etc., dependendo do sistema de PDV e da natureza do problema).  Fornecer todas as informa√ß√µes relevantes, incluindo prints de tela e c√≥digos de erro.

**‚ö° Tempo Estimado:** 5-30 minutos (dependendo da complexidade do problema e da necessidade de escala√ß√£o).
**üìã Categoriza√ß√£o:**  Macro: Equipamento Fiscal; Submotivo: Falha SAT;  (Especificar o fabricante do SAT se necess√°rio)

### **Informa√ß√µes Adicionais:**
* A solu√ß√£o para problemas de SAT0 minutos (dependendo da complexidade do problema e da necessidade de escala√ß√£o).
**üìã Categoriza√ß√£o:**  Macro: Equipamento Fiscal; Submotivo: Falha SAT;  (Especificar o fabricante do SAT se necess√°rio)

### **Informa√ß√µes Adicionais:**
* A solu√ß√£o para problemas de SAT pode variar dependendo do fabricante (Gertec, Elgin, Bematech) e do sistema de PDV (Omnishop, Linx, Totvs).
* Consultar a documenta√ß√£o do fabricante do SAT e do sistema de PDV para obter informa√ß√µes detalhadas sobre a configura√ß√£o e solu√ß√£o de problemas.
* pode variar dependendo do fabricante (Gertec, Elgin, Bematech) e do sistema de PDV (Omnishop, Linx, Totvs).
* Consultar a documenta√ß√£o do fabricante do SAT e do sistema de PDV para obter informa√ß√µes detalhadas sobre a configura√ß√£o e solu√ß√£o de problemas.
* √â importante registrar todas as a√ß√µes realizadas e os resultados obtidos para facilitar a resolu√ß√£o do problema e a comunica√ß√£o com o suporte t√©cnico. √â importante registrar todas as a√ß√µes realizadas e os resultados obtidos para facilitar a resolu√ß√£o do problema e a comunica√ß√£o com o suporte t√©cnico.",positive
